<?xml version="1.0" encoding="utf-8"?>
<resources>
    <color name="colorPrimary">#0096D1</color>
    <color name="colorPrimaryDark">#0083B9</color>
    <color name="colorAccent">#C6C6C8</color>
    <color name="colorBlackLight">#494949</color>
    <color name="colorBlackLighter">#4A4A4A</color>
    <color name="colorBlack">#070707</color>
    <color name="colorTransparent_white">#73FFFFFF</color>
    <color name="colorGreen">#47AB1B</color>
    <color name="colorOrange">#F06328</color>
</resources>
