<?xml version="1.0" encoding="utf-8"?>
<resources>
    <dimen name="dp_3">3dp</dimen>
    <dimen name="dp_15">15dp</dimen>
    <dimen name="dp_40">40dp</dimen>
    <dimen name="dp_2">2dp</dimen>
    <dimen name="dp_5">5dp</dimen>
    <dimen name="dp_10">10dp</dimen>
    <dimen name="dp_20">20dp</dimen>
    <dimen name="dp_30">30dp</dimen>
    <dimen name="dp_75">75dp</dimen>
    <dimen name="dp_50">50dp</dimen>
    <dimen name="dp_100">100dp</dimen>
    <dimen name="dp_140">140dp</dimen>
    <dimen name="dp_1">1dp</dimen>
    <dimen name="dp_10_neg">-10dp</dimen>
    <dimen name="sp_15">15sp</dimen>
    <dimen name="sp_14">14sp</dimen>
    <dimen name="sp_30">30sp</dimen>
    <dimen name="sp_18">18sp</dimen>
    <dimen name="sp_25">25sp</dimen>
</resources>