<resources xmlns:tools="http://schemas.android.com/tools">

    <!-- Base application theme. -->
    <style name="AppTheme" parent="Theme.AppCompat.Light.NoActionBar">
        <!-- Customize your theme here. -->
        <item name="colorPrimary">@color/colorPrimary</item>
        <item name="colorPrimaryDark">@color/colorPrimaryDark</item>
        <item name="colorAccent">@color/colorAccent</item>
    </style>
    <style name="MySwitch" parent="@style/Widget.AppCompat.CompoundButton.Switch">

        <item name="android:colorControlActivated" tools:targetApi="lollipop">@drawable/track</item>

        <item name="android:textAppearance">@style/TextAppearance.AppCompat</item>
    </style>
    <!--check box style-->
    <style name="MyCheckBox" parent="@style/Widget.AppCompat.CompoundButton.CheckBox">

        <item name="android:state_checked">@color/colorPrimary</item>
        <item name="android:textAppearance">@style/TextAppearance.AppCompat</item>
    </style>
    <!--My Rating Bar-->
    <style name="RatingBar" parent="Theme.AppCompat">
        <item name="colorControlNormal">#868686</item>
        <item name="colorControlActivated">@color/colorOrange</item>
    </style>
    <style name="ProfileCustomTextAppearance" parent="@android:style/TextAppearance"> <item name="android:textSize">16sp</item> <item name="android:textColor">@android:color/black</item> <item name="android:textColorHint">@android:color/black</item> <item name="android:textColorHighlight">@android:color/black</item> <item name="colorAccent">@android:color/black</item> <item name="colorControlNormal">@android:color/black</item> <item name="colorControlActivated">@android:color/black</item> </style>
</resources>
