<?xml version="1.0" encoding="utf-8"?>
<resources>
    <dimen name="sp_12">12sp</dimen>
    <dimen name="sp_20">20sp</dimen>
    <dimen name="sp_14">14sp</dimen>
    <dimen name="sp_15">15sp</dimen>
    <dimen name="dp_1">1dp</dimen>
    <dimen name="dp_5">5dp</dimen>
    <dimen name="dp_6">6dp</dimen>
    <dimen name="dp_10">10dp</dimen>
    <dimen name="dp_15">15dp</dimen>
    <dimen name="dp_20">20dp</dimen>
    <dimen name="dp_30">30dp</dimen>
    <dimen name="dp_50">50dp</dimen>
    <dimen name="dp_55">55dp</dimen>
    <dimen name="dp_75">75dp</dimen>
</resources>