<resources>

    <!-- Base application theme. -->
    <style name="AppTheme" parent="Theme.AppCompat.Light.NoActionBar">
        <!-- Customize your theme here. -->
        <item name="colorPrimary">@color/colorPrimary</item>
        <item name="colorPrimaryDark">@color/colorPrimaryDark</item>
        <item name="colorAccent">@color/colorAccent</item>
    </style>
    <style name="RatingBar" parent="Theme.AppCompat">
        <item name="colorControlNormal">#CACACA</item>
        <item name="colorControlActivated">@color/colorOrange</item>

    </style>
</resources>
