<resources>

    <!-- Base application theme. -->
    <style name="AppTheme" parent="Theme.AppCompat.Light.NoActionBar">
        <!-- Customize your theme here. -->
        <item name="colorPrimary">@color/colorPrimary</item>
        <item name="colorPrimaryDark">@color/colorPrimaryDark</item>
        <item name="colorAccent">@color/colorAccent</item>
    </style>
    <style name="ProfileCustomTextAppearance" parent="@android:style/TextAppearance">
        <item name="android:textSize">16sp</item>
        <item name="android:textColor">@android:color/black</item>
        <item name="android:textColorHint">@android:color/black</item>
        <item name="android:textColorHighlight">@android:color/black</item>
        <item name="colorAccent">@android:color/black</item>
        <item name="colorControlNormal">@android:color/black</item>
        <item name="colorControlActivated">@android:color/black</item>
    </style>
</resources>
