<?xml version="1.0" encoding="utf-8"?>
<resources>
    <dimen name="sp_15">15sp</dimen>
    <dimen name="sp_16">16sp</dimen>
    <dimen name="sp_18">18sp</dimen>
    <dimen name="sp_20">20sp</dimen>
    <dimen name="dp_0.5">0.5dp</dimen>
    <dimen name="dp_1">1dp</dimen>
    <dimen name="dp_5">5dp</dimen>
    <dimen name="dp_10">10dp</dimen>
    <dimen name="dp_15">15dp</dimen>
    <dimen name="dp_20">20dp</dimen>
    <dimen name="dp_30">30dp</dimen>
    <dimen name="dp_100">100dp</dimen>
</resources>