<resources xmlns:tools="http://schemas.android.com/tools">

    <!-- Base application theme. -->
    <style name="AppTheme" parent="Theme.AppCompat.Light.NoActionBar">
        <!-- Customize your theme here. -->
        <item name="colorPrimary">@color/colorPrimary</item>
        <item name="colorPrimaryDark">@color/colorPrimaryDark</item>
        <item name="colorAccent">@color/colorAccent</item>
    </style>
    <style name="Base.Widget.Design.TabLayout" parent="android:Widget">
        <item name="tabBackground">@drawable/tab_background</item>
        <item name="tabIndicatorColor">@color/colorPrimary</item>
        <item name="tabIndicatorHeight">2dp</item>
    </style>
    <style name="AlertDialog.Theme" parent="Base.AlertDialog.AppCompat.Light" tools:targetApi="lollipop_mr1">
        <item name="colorAccent">@color/colorPrimary</item>
        <item name="colorControlActivated">@color/colorPrimary</item>
        <item name="colorControlHighlight">@color/colorPrimary</item>
    </style>
</resources>
