<?xml version="1.0" encoding="utf-8"?>
<resources>
    <dimen name="sp_20">20sp</dimen>
    <dimen name="sp_18">18sp</dimen>
    <dimen name="sp_14">14sp</dimen>
    <dimen name="dp_20">20dp</dimen>
    <dimen name="dp_25">25dp</dimen>
    <dimen name="dp_10">10dp</dimen>
    <dimen name="dp_10_neg">-10dp</dimen>
    <dimen name="dp_1">1dp</dimen>
    <dimen name="dp_5">5dp</dimen>
    <dimen name="dp_30">30dp</dimen>
    <dimen name="sp_30">30sp</dimen>
    <dimen name="sp_15">15sp</dimen>
    <dimen name="dp_300">300dp</dimen>
</resources>