<?xml version="1.0" encoding="utf-8"?>
<layer-list xmlns:android="http://schemas.android.com/apk/res/android" >
    <item>
        <shape
            android:shape="rectangle">
            <!-- Set the border color of your layout here -->
            <stroke android:width="5dp" android:color="@color/colorPrimary" />
            <solid android:color="@color/colorPrimary" />

        </shape>
    </item>

    <!-- This is for border bottom but
    you can change this according to your need -->
    <item android:bottom="4dp" >
        <shape
            android:shape="rectangle">
            <!-- Set the background color of your layout here -->
            <stroke android:width="5dp" android:color="#EBEBEB" />
            <solid android:color="#EBEBEB" />
        </shape>
    </item>

</layer-list>