<?xml version="1.0" encoding="utf-8"?>

<selector xmlns:android="http://schemas.android.com/apk/res/android">
    <item android:state_checked="true">
        <shape
            android:shape="oval"
            android:dither="true"
            android:visible="true"
            android:useLevel="false">
            <corners android:radius="@dimen/dp_100"/>
            <size android:width="@dimen/sp_25" android:height="@dimen/sp_25"/>
            <solid android:color="@android:color/white"/>
            <stroke android:width="@dimen/dp_2" android:color="@color/colorOrange"/>
        </shape>
    </item>
    <item android:state_checked="false">
        <shape
            android:shape="oval"
            android:dither="true"
            android:visible="true"
            android:useLevel="false">
            <corners android:radius="@dimen/dp_100"/>
            <size android:width="@dimen/sp_25" android:height="@dimen/sp_25"/>
            <solid android:color="@android:color/white"/>
            <stroke android:width="@dimen/dp_2" android:color="@color/colorAccent"/>
        </shape>

    </item>
</selector>

