<?xml version="1.0" encoding="utf-8"?>
<selector xmlns:android="http://schemas.android.com/apk/res/android">
    <item android:state_checked="true">
        <shape android:shape="rectangle"
            android:dither="true"
            android:visible="true"
            android:useLevel="false">
            <corners android:radius="@dimen/dp_30"/>
            <size android:width="@dimen/dp_30" android:height="@dimen/dp_20"/>
            <solid android:color="@color/colorOrange"/>
        </shape>
    </item>
    <item android:state_checked="false">
        <shape android:shape="rectangle"
            android:dither="true"
            android:visible="true"
            android:useLevel="false">
            <corners android:radius="@dimen/dp_30"/>
            <size android:width="@dimen/dp_30" android:height="@dimen/dp_20"/>
            <solid android:color="@color/colorAccent"/>
        </shape>

    </item>
</selector>

