<resources xmlns:tools="http://schemas.android.com/tools">

    <!-- Base application theme. -->
    <style name="AppTheme" parent="Theme.AppCompat.Light.NoActionBar">
        <!-- Customize your theme here. -->
        <item name="colorPrimary">@color/colorPrimary</item>
        <item name="colorPrimaryDark">@color/colorPrimaryDark</item>
        <item name="colorAccent">@color/colorAccent</item>
    </style>
    <style name="MySwitch" parent="@style/Widget.AppCompat.CompoundButton.Switch">

        <item name="android:colorControlActivated" tools:targetApi="lollipop">@drawable/track</item>

        <item name="android:textAppearance">@style/TextAppearance.AppCompat</item>
    </style>
</resources>
